metric,p-value,cor
NOM,7.546e-09,0.4088831
NOF,0.03087,0.1587819
NORM,0.004011,0.2105909
NSM,0.5568,0.04347469 
NSF,0.989,0.00102466
WMC,8.451e-07,0.3527522
DIT,0.0006558,0.2482672
NSC,0.02377,0.1661853
LCOM,2.824e-05,0.3026529
SIX,0.2965,0.07716188